preco;ano_lanc;mes_lanc;dorm;banh;garag;area_util;meses_entrega;pq_proximo;fav_proxima;met_proximo;cptm_proxima;preco_m2u
1622359,125;6;11;4;4;5;385,8800049;35;917,451416;176,8096924;3437,654053;2719,217041;4204,310059
80000,25;2;1;2;1;1;57,54999924;0;451,2497864;459,1278992;1338,48999;7753,828125;1390,099976
490799,625;7;12;4;3;2;140,5299988;29;1836,998047;1539,983032;1139,19397;2820,087891;3492,48999
76422,00781;4;10;2;1;1;50,66999817;26;2184,906006;323,2171021;350,6209106;3495,188965;1508,22998
255999,4844;2;9;4;3;3;112,5500031;27;963,4331055;50,9510498;2729,702881;4366,275879;2274,540039
288000,375;3;7;4;3;3;128,8500061;29;237,9815979;737,762085;1982,63501;2321,054932;2235,159912
389999,7188;6;9;3;2;2;114;2;755,397522;2597,434082;537,6987305;4064,487061;3421,050049
479299,7813;5;10;3;3;3;119,5299988;24;1562,352051;496,7532959;405,5190125;2149,840088;4009,870117
402245,1875;2;11;4;3;3;130,8999939;28;884,8966064;2162,989014;876,4525757;2638,871094;3072,919922
607400;4;11;4;3;2;167,7400055;30;2542,621094;1266,235962;3334,727051;1182,534058;3621,080078
58619,85156;4;9;2;1;1;43,90999985;13;202,8126068;65,8440094;6496,394043;4197,75293;1335
803499,4375;2;12;4;4;4;240,3600006;30;1152,196045;1429,057007;546,0255127;1122,812988;3342,899902
195299,9688;4;6;3;2;2;86;20;443,1362;874,8198242;463,6691895;6465,416992;2270,929932
76000,04688;5;3;2;2;1;62,38000107;18;599,1019897;46,25381088;3608,955078;2045,906982;1218,339966
410619,8125;7;12;4;2;2;128,6000061;36;513,4296875;452,3128052;2157,863037;2683,832031;3193
164999,8125;2;12;1;1;1;63,43999863;30;492,2871094;2118,905029;511,7511902;2954,529053;2600,879883
731131,0625;4;10;4;4;4;206;36;3416,441895;1402,532959;1434,275024;4971,020996;3549,179932
224999,6563;4;3;3;2;2;108;24;938,8978271;1789,651978;321,3853149;313,6621094;2083,330078
264000,125;8;3;3;2;2;86,41999817;19;2295,468994;1274,473999;319,7099915;6008,687012;3054,850098
1034004,313;7;2;4;4;4;231,6100006;28;1651,219971;2543,748047;1219,75;1210,910034;4464,419922
84999,8125;7;3;2;1;1;53;42;752,272583;165,0608978;3265,967041;2984,191895;1603,77002
481000,0938;5;12;4;4;3;152,1300049;42;68,63790894;902,8648071;1103,478027;1079,843994;3161,77002
195999,9531;5;10;2;2;1;61,88000107;30;1002,664978;1754,987061;2501,666992;3669,447998;3167,419922
139254;3;8;3;2;1;75;26;1212,062012;591,276123;524,1207275;3427,500977;1856,719971
47300,00781;6;5;1;1;0;33,20999908;24;215,7792053;1637,07605;233,2973938;373,1947021;1424,27002
590603,125;4;8;4;3;3;211,6000061;36;348,3905945;580,8466797;1539,517944;2236,147949;2791,129883
89008,34375;3;6;2;1;1;54,27999878;0;3820,533936;1370,812012;2382,903076;2265,368896;1639,800049
467999,2813;5;2;4;3;3;163,1699982;37;84,94358826;223,7807007;1453,28894;1806,06897;2868,169922
1249424,625;3;4;4;4;4;240,3899994;30;576,7589722;1630,504028;697,1713257;1689,411011;5197,490234
255599,75;7;10;3;2;2;78;27;1311,66394;1919,18396;2113,518066;1255,435059;3276,919922
752606,8125;3;11;4;4;4;210,2899933;29;157,5321045;635,5806274;1042,015015;1793,94104;3578,899902
148939,9844;3;2;2;2;1;68,58000183;24;3027,478027;2067,37793;2327,583984;1197,448975;2171,77002
68999,97656;5;11;2;1;1;44,31000137;17;63,04769897;516,6345825;4109,050781;2019,26001;1557,209961
315423,5;8;2;4;2;2;112,0899963;29;2490,878906;1267,453979;691,387207;1840,942993;2814,02002
189999,8906;3;8;3;2;2;81,69999695;2;2184,175049;750,7902832;545,65448;5371,5;2325,580078
97000,09375;3;5;3;1;2;65,59999847;19;1797,227051;864,8723145;4635,276855;4343,046875;1478,660034
307760,5313;6;2;4;2;2;121,4400024;36;889,4553223;669,1915894;1783,474976;1375,375;2534,26001
540289,5;7;8;4;3;3;142,7799988;30;950,3001709;157,0287018;3431,3479;2747,197021;3784,070068
126900;7;11;2;1;1;45;39;1755,707031;468,8286133;3427,481934;590,5645752;2820
92500,125;5;12;2;1;1;48,31000137;21;3413,429932;395,2533875;2840,731934;3350,251953;1914,719971
326884,5938;7;4;3;2;2;85,41000366;27;2045,235962;2448,106934;1240,584961;1122,918945;3827,23999
3654000;3;9;5;5;7;600;30;158,3260956;1428,051025;2774,89209;2965,937988;6090
459100,1875;3;11;2;2;2;109,25;30;566,7166748;2808,233887;424,5830078;3899,821045;4202,290039
205499,6719;5;5;3;2;2;68,05999756;30;654,8900757;1251,119995;402,1111145;3738,062012;3019,389893
171000,3281;4;7;3;2;2;78,01999664;25;704,5314941;1006,494995;2800,444092;3208,531982;2191,75
205000,5;2;10;4;2;2;106,7900009;26;1760,714966;148,1855011;111,7218018;6009,345215;1919,660034
208076,0938;7;12;3;2;2;68,44000244;36;2345,968994;1018,848999;1631,475952;2994,647949;3040,27002
87300,08594;3;9;1;1;1;28;14;1180,759033;2311,120117;1286,574951;1389,666016;3117,860107
249999,8438;6;8;2;1;2;72;0;631,9691162;1089,892944;959,18573;4444,123047;3472,219971
245999,6406;5;1;3;2;2;95;26;3288,9021;1804,103027;1299,30603;3623,159912;2589,469971
256994;2;6;3;2;3;123,4800034;26;2057,644043;2022,109985;1874,307983;1900,256958;2081,26001
597999,3125;7;7;4;3;4;155;13;1597,269043;1252,136963;1948,838989;4114,847168;3858,060059
564649,5625;3;12;3;3;2;146,2799988;31;1093,447021;1850,511963;3169,375977;1723,017944;3860,060059
249899,5781;2;4;4;3;2;126;29;3137,906982;2144,365967;2571,10791;686,6107788;1983,329956
290328,2813;5;5;3;2;3;102,4400024;47;917,862793;598,885498;1634,052979;2538,87207;2834,129883
226419,7344;4;9;3;2;2;94,05000305;29;2266,822021;1696,104004;2970,408936;2204,695068;2407,439941
130300,1641;6;6;2;1;1;53,11999893;31;918,5004272;744,8355103;6026,498047;1881,310059;2452,939941
216484,3281;3;6;3;2;2;85,26999664;30;1004,208008;1020,473999;4457,589844;942,0792847;2538,810059
796399,1875;7;6;4;3;3;180;34;1675,727051;1956,358032;1644,869995;1725,832031;4424,439941
266000,4063;4;5;3;2;2;84,26000214;30;1098,182007;222,9568024;784,5792236;4696,133789;3156,899902
113335,0469;4;12;2;2;1;61,36999893;19;594,8395996;1405,145996;234,9945068;1920,791992;1846,75
1900000,75;2;5;4;4;5;334,75;19;792,3917236;2676,12207;2280,375977;2313,894043;5675,879883
557300,8125;4;9;4;3;4;166,3500061;32;2355,792969;2153,633057;1913,245972;1201,587036;3350,169922
42999,83203;3;4;2;1;1;47;0;319,1303101;159,3486023;4095,928955;8497,029297;914,8900146
104099,8984;6;11;2;1;1;55,47999954;32;603,7756958;606,866272;5580,911133;5440,029785;1876,349976
123900,1875;8;3;2;1;1;46,79999924;30;875,5421753;213,4880066;1263,776978;2759,73291;2647,439941
2225001;4;12;4;4;6;349,2799988;23;929,5496826;1870,415039;5375,202148;2238,605957;6370,25
193955,2969;7;12;3;2;1;70;36;1427,542969;1008,807007;4147,411133;1605,151978;2770,790039
74999,80469;3;11;3;1;1;67;24;3789,38208;185,2756958;3608,147949;5701,73584;1119,400024
754346,125;3;5;3;3;4;168,7899933;25;1681,89502;1742,749023;2232,873047;716,3474731;4469,140137
1253000,125;5;10;4;4;5;287,9500122;32;2144,436035;887,9423218;4492,198242;1722,599976;4351,450195
671514,75;6;9;4;3;3;180,0800018;35;976,022522;75,94098663;3518,5;2629,749023;3728,97998
235512,2969;3;8;3;2;2;95,61000061;29;827,9338989;260,3583984;922,3508301;2576,860107;2463,26001
343309,875;2;11;4;3;3;142,9600067;35;2425,513916;1528,805054;1459,360962;1323,844971;2401,439941
499990,9375;6;4;4;3;3;168,3800049;36;1443,597046;3116,01709;27,98152924;3007,881104;2969,419922
315000,4688;6;6;3;2;2;110,0199966;39;1285,001953;1058,114014;4099,658203;1299,229004;2863,120117
269995,8438;2;3;3;2;2;100,5500031;36;1373,86499;819,34198;2035,145996;3877,983887;2685,189941
1899450,25;5;12;4;4;5;281,3500061;36;621,7506714;1176,842041;2594,774902;3203,001953;6751,200195
63999,93359;7;10;1;1;1;33,59999847;0;556,1558838;1781,495972;343,156311;1321,025024;1904,76001
895399,5;5;8;4;3;3;201,5;36;586,7891235;1227,588013;3727,715088;1098,383057;4443,669922
248999,6094;3;4;3;2;2;100,2200012;30;1977,197021;507,9039001;276,5610962;4183,147949;2484,530029
1199998,75;2;7;4;4;4;312;24;620,1043701;2798,63501;766,3519287;2870,919922;3846,149902
149100,1406;5;11;2;2;1;59,75;27;1250,312988;531,758728;706,8549194;5878,594238;2495,399902
187150,125;3;6;2;2;1;67,06999969;36;884,3607788;961,7310181;2399,318115;3461,726074;2790,370117
758139,4375;7;12;4;3;3;167,1000061;36;2839,76001;1849,886963;2449,217041;1970,129028;4537,040039
500000;5;8;3;3;3;128;2;1474,229004;711,0944214;728,4160767;1852,844971;3906,25
309999,7813;7;3;3;2;2;110;1;552,6682129;370,9783936;2588,894043;910,1234741;2818,179932
322000,4375;5;11;4;2;2;106;30;1451,097046;1164,748047;3192,149902;1281,432007;3037,73999
542195,8125;5;8;4;3;2;141,0399933;28;1901,071045;40,12002182;105,9039001;3677,050049;3844,27002
414000,3438;6;8;4;3;2;143,0299988;33;779,0750122;749,1696167;4751,522949;649,3610229;2894,5
649902,3125;7;6;4;4;4;223,6300049;36;500,5245972;471,9891968;2149,851074;2667,291992;2906,149902
81299,86719;3;5;2;1;1;47,31000137;28;2887,748047;2364,460938;2293,038086;2340,624023;1718,449951
467096,75;7;12;3;2;2;114,6699982;18;1761,45105;1737,026001;1459,35498;1767,232056;4073,399902
135000,2188;5;5;1;1;1;44,04000092;34;1012,304016;807,9849243;460,4075012;3749;3065,399902
895801,0625;6;10;4;4;4;208,3200073;36;2077,235107;589,0686035;326,6586914;4162,254883;4300,120117
238699,7813;2;10;3;2;2;89,90000153;29;1470,208008;726,1016235;382,9508972;2498,022949;2655,169922
66000,17188;2;9;3;1;1;61;13;2516,26709;1144,342041;2740,295898;4653,684082;1081,969971
109199,7969;4;12;2;2;2;56,13000107;22;807,5170288;663,9431763;7008,5;4915,850098;1945,47998
256999,5781;4;11;4;2;2;103,25;35;932,9874268;371,7190857;343,7470093;5822,888184;2489,100098
170000,0625;2;5;3;2;2;88,01999664;24;182,7743988;759,6176758;5647,037109;3234,366943;1931,380005
251000,5938;2;6;3;2;3;119,8700027;20;2425,446045;1550,467041;1476,421997;1306,256958;2093,939941
1339000,5;7;2;4;4;4;223,6699982;33;586,0941772;1318,22998;3565,989014;1044,412964;5986,5
65999,9375;4;5;2;1;1;51,90999985;19;103,1598969;497,2879944;2102,855957;1721,897949;1271,430054
714203,625;6;9;4;3;3;193,5700073;15;2062,985107;1150,738037;572,7670288;5158,204102;3689,639893
414000,0313;5;9;4;3;2;124;35;1081,54895;1934,843018;3671,123047;2196,754883;3338,709961
232500,3594;3;6;3;2;2;90,69999695;23;214,3498993;2505,114014;1438,80896;2297,178955;2563,399902
134399,7969;3;12;2;2;1;57,90000153;31;509,6874084;1027,612061;2091,26001;754,0629883;2321,23999
1009299,75;7;12;4;4;3;203;36;915,3527222;1937,834961;3166,009033;1887,19397;4971,919922
220263,9219;2;3;4;2;2;104,6299973;24;1345,751953;597,47052;534,9481201;5907,771973;2105,169922
104300,1719;2;5;2;1;1;46,81000137;27;964,2905273;2371,263916;534,5021973;4260,686035;2228,159912
303950;6;12;3;2;3;100;26;2836,099121;1785,666992;460,828186;4875,679199;3039,5
865099,1875;6;12;3;3;3;166,6799927;30;1511,348022;1585,373047;2069,986084;671,6798096;5190,180176
173669,7656;7;7;3;2;2;64;35;2781,616943;562,0175171;1714,291992;1733,03894;2713,590088
179565,8594;2;8;1;1;1;44,13000107;34;419,4519043;2905,460938;425,9364929;3978,476074;4069,02002
105999,9219;4;2;1;1;1;35,25;22;254,5556946;2693,658936;1081,759033;2266,708008;3007,090088
294800,1875;5;7;4;2;3;115;38;957,1754761;1113,167969;3390,133057;3532,090088;2563,47998
160899,8906;7;11;2;1;1;59,5;36;1630,349976;593,2081299;1781,406006;1849,631958;2704,199951
405350,75;2;11;4;3;3;170,6000061;36;776,5769043;909,3408203;1603,192993;2124,48291;2376,030029
1178200,5;6;8;4;3;3;178,8099976;19;862,5499878;3101,959961;1141,609009;3347,978027;6589,120117
250000;5;11;3;2;2;80;13;2273,958008;579,3400879;526,5142822;4003,01709;3125
794150,4375;6;4;4;4;4;226;29;157,5321045;635,5806274;1042,015015;1793,94104;3513,939941
140400,0156;2;2;2;2;2;67,05000305;22;1448,583984;1638,83606;1308,852051;2064,191895;2093,959961
1573000;3;12;3;3;4;297,019989;12;982,8308716;968,0070801;1170,96106;1353,524048;5295,939941
71900,16406;4;10;2;1;1;51,20000076;1;419,9648132;171,212204;763,4495239;4745,499023;1404,300049
350000,5938;3;5;4;3;4;205;10;1113,907959;880,5164185;3344,596924;3318,861084;1707,319946
1436240,875;6;7;4;4;6;278,4400024;30;1044,959961;1091,031006;2265,541992;2590,10498;5158,169922
236533,5938;3;5;1;1;1;47,90999985;36;397,4176025;1789,840942;3160,518066;2582,38501;4937,040039
125000,2969;6;9;2;2;1;71,12999725;0;583,7752075;701,5631714;5837,820801;3105,928955;1757,349976
90660,25;6;8;2;1;1;49,95000076;8;763,3372803;369,6594849;1108,321045;7400,73584;1815,02002
74699,99219;6;8;1;1;1;28,63999939;30;994,6873169;1802,71106;287,3468018;283,4797058;2608,23999
1065199,875;5;12;3;3;3;198,2799988;25;860,8010864;1467,187988;514,053772;1425,430054;5372,200195
195003,1406;3;6;3;2;2;69,25;30;1748,831055;887,3723755;1588,859009;2206,849121;2815,929932
217999,6406;3;11;3;2;2;95,36000061;33;229,5720062;636,1699829;2163,36792;2298,095947;2286,070068
866999,25;6;2;4;3;4;213,0899963;35;792,9794922;279,7885132;3316,308105;2834,5979;4068,699951
715999,125;4;9;4;3;3;197,3699951;33;413,3140869;2461,778076;742,5186157;2802,391113;3627,699951
477999,625;3;3;4;3;3;157,0099945;33;1344,58606;2113,810059;1851,896973;1497,67395;3044,389893
473300,9688;2;3;4;3;4;204,2299957;30;2034,764038;448,9396973;3209,851074;1194,337036;2317,48999
398090,6875;4;11;4;3;3;164,3000031;38;227,803299;825,9224243;1140,536011;1115,317017;2422,949951
158000,3438;3;6;3;2;2;80,91999817;34;1460,371948;3419,163086;451,7919006;2568,177979;1952,550049
89000,10156;6;11;2;1;1;51;0;804,850708;974,4539795;5362,655762;1245,537964;1745,099976
92969,90625;3;6;2;1;1;50,59999847;29;695,8814087;89,75110626;3473,708984;2109,468018;1837,349976
171400,0781;7;4;1;1;1;52,47000122;7;850,4622803;825,6652832;4601,5;1095,161011;3266,629883
503400,5938;5;8;4;3;3;173,3699951;30;1649,371948;1399,463013;730,5759888;961,8660889;2903,620117
72999,75;3;9;2;1;1;53,22000122;24;1080,703003;156,017395;951,1447144;2881,312988;1371,660034
206399,7188;6;12;3;2;1;67,70999908;24;1532,081055;322,9555969;4502,48291;1074,390991;3048,290039
113000,0234;4;12;2;1;1;53,5;14;643,210022;267,5466919;1893,917969;5308,579102;2112,149902
134999,8906;2;3;1;1;1;35;13;1403,564941;2118,083008;308,565094;4187,581055;3857,139893
1480999,375;6;8;4;4;4;246,4499969;19;1681,89502;1742,749023;2232,873047;716,3474731;6009,330078
219574,4531;4;2;2;2;1;77,12999725;28;977,7567139;3053,190918;664,4099731;3256,781006;2846,810059
264999,6875;7;11;3;2;2;88;31;1351,499023;338,1289063;2839,387939;4536,952148;3011,360107
71999,95313;6;4;2;1;0;44,25999832;28;355,418396;443,0154114;5757,466797;5638,14502;1626,75
129000,2969;4;8;2;2;1;65;24;2463,840088;1607,446045;1192,192993;3785,629883;1984,619995
217999,5156;2;3;4;2;2;106,75;21;301,9776001;755,6865234;235,9783936;6565,101074;2042,150024
85897,78906;6;4;2;1;1;52,09999847;20;1178,761963;160,5346069;1486,505005;1531,297974;1648,709961
316999,6875;6;12;4;3;3;128;37;2311,791992;1388,004028;393,4829102;5739,022949;2476,560059
129200,0703;7;10;1;1;1;29,73999977;31;954,8847046;1636,119019;3816,125;1909,792969;4344,319824
554562,6875;7;7;4;3;3;138;24;1790,093994;2423,605957;988,333374;944,8571777;4018,570068
138787,1406;2;6;1;1;1;40,68000031;30;469,4143066;1450,515991;1686,484009;837,7633057;3411,679932
617189,8125;3;6;3;3;3;198;10;1938,708008;844,9608154;4271,071777;1903,56897;3117,120117
139000,0469;6;7;3;2;1;81;0;1174,084961;170,277298;1129,416016;1175,352051;1716,050049
247000,5;7;5;4;3;3;128,3999939;22;2219,414063;677,3991699;510,4956055;5440,758789;1923,680054
220000,4063;3;2;3;2;2;98,19999695;25;1257,151001;796,927124;1504,109009;1899,748047;2240,330078
164559,6719;2;5;3;2;2;92,09999847;29;1113,432007;699,0462036;2640,024902;2438,513916;1786,75
760389,125;5;5;4;4;3;185,4299927;34;1282,223999;2155,364014;324,816803;4242,978027;4100,680176
184300,2344;8;1;2;2;1;62,15000153;22;1893,019043;784,9763794;525,8010864;5466,21582;2965,409912
947800,1875;2;9;3;3;4;249,6300049;30;826,5772095;3247,759033;803,5244141;3474,199951;3796,820068
112500,2578;5;12;2;1;1;52,81999969;21;1634,136963;451,4334106;347,1842957;6592,716797;2129,879883
129000,2266;5;6;2;2;1;60,74000168;15;78,59971619;1743,376953;4627,696777;2004,713989;2123,810059
471000,4063;2;4;4;3;4;160,9900055;19;460,6176147;542,2141724;1210,139038;4457,189941;2925,649902
79749,83594;2;1;2;1;1;57;11;1009,906982;1597,082031;1004,500977;2294,520996;1399,119995
191000,0469;7;10;3;2;1;84;30;3875,916992;651,8148804;3359,768066;3571,206055;2273,810059
145319,7188;4;8;2;2;1;61,16999817;1;2726,485107;1515,380981;594,7581177;4648,033203;2375,669922
504999,5938;7;6;4;3;3;140;18;2618,177979;2078,521973;175,9687958;5316,089844;3607,139893
404126,375;7;7;4;3;2;138,5;36;749,8526001;413,2423096;1457,811035;2710,337891;2917,879883
86850,22656;3;9;2;1;1;47,25;24;50,63792038;36,59886169;1914,339966;1610,121948;1838,099976
189812,0938;2;11;3;2;2;80,16999817;27;2749,944092;1946,866943;1966,972046;837,1737061;2367,620117
625756,8125;5;2;4;3;3;191,7100067;29;422,2388916;335,1932983;2797,718994;2542,125977;3264,080078
419538,1875;3;2;4;3;3;179,1000061;27;3345,409912;1788,743042;1487,927979;3662,968018;2342,47998
250899,5;2;6;4;3;3;125,2900009;24;1667,237061;1198,987061;714,9526978;1191,244019;2002,550049
1200000,25;2;7;4;4;4;292;24;650,6398926;2829,180908;742,307312;2892,763916;4109,589844
679799,625;6;5;3;3;3;163;25;367,1679077;701,4865112;2951,091064;3189,572998;4170,549805
565400,0625;2;12;3;3;3;151,5700073;36;1636,463989;2328,512939;972,9091797;979,8336182;3730,290039
364499,7188;7;10;4;2;2;122,6900024;33;282,2453918;804,7692261;1160,781006;1135,300049;2970,899902
63700,17188;2;5;2;1;1;53;16;994,9375;958,9219971;4229,904785;3226,475098;1201,890015
324399,5;7;10;3;2;2;100,5599976;26;471,9324951;1355,097046;5151,942871;2435,798096;3225,929932
59250,02344;2;8;2;1;1;48,38000107;18;782,420105;257,313385;1671,765991;1275,177979;1224,680054
123500,2266;3;2;2;2;1;64,20999908;22;1316,901001;343,5321045;929,9360962;5783,203125;1923,380005
313592,0938;5;9;4;3;2;118;26;577,2385254;1407,141968;5254,414063;2463,230957;2657,560059
541650,5625;4;6;4;3;3;181,7899933;30;1349,11499;134,0764008;5184,064941;591,7581787;2979,540039
136400,0313;5;10;2;2;2;59,02999878;33;1116,036987;852,1809082;1931,022949;4868,323242;2310,689941
201799,8594;2;3;3;2;2;95,30999756;28;1379,672974;781,7963257;4189,350098;1253,499023;2117,300049
173300,1563;3;6;1;1;1;44,09000015;36;22,58757019;411,431488;1592,953979;1357,253052;3930,600098
106095,8047;3;7;2;1;1;53,84999847;28;2382,340088;1417,232056;1282,262939;3505,440918;1970,209961
764751;6;2;4;3;4;212,3399963;26;526,0112915;442,0864868;2664,110107;2936,108887;3601,540039
259999,8594;7;11;3;2;2;82;11;2681,706055;1456,241943;1495,828979;1412,218994;3170,72998
395010,0625;5;5;3;3;2;133,1300049;36;714,7277832;2620,761963;1689,410034;1818,844971;2967,100098
170502,7813;7;4;2;2;2;64,69000244;11;2956,844971;2197,187988;2215,733887;2391,571045;2635,689941
206610,25;5;2;2;2;1;63,47999954;29;303,1590881;321,1177063;4601,234863;590,0438843;3254,72998
134992,4844;4;4;3;2;2;75,25;0;306,7796021;1229,487061;391,4034119;2150,281006;1793,920044
424999,375;6;2;3;3;3;141;31;920,7924805;1568,136963;2302,091064;1929,18396;3014,179932
2145001;3;3;4;4;5;370,8200073;21;919,4456177;1839,303955;5395,015137;2214,978027;5784,47998
297999,75;7;4;3;2;2;80,48999786;28;2040,31897;896,9467773;299,4641113;4465,11084;3702,320068
218999,9063;8;3;3;2;2;70;30;339,6636047;1662,800049;1343,188965;2931,310059;3128,570068
1127999,625;6;12;4;4;5;266,6300049;31;2158,812988;609,1187744;4569,26416;1595,68396;4230,580078
230000,2813;6;5;2;2;1;67,05000305;36;2355,792969;2153,633057;1913,245972;1201,587036;3430,280029
126125,8203;7;11;2;2;1;50,40999985;18;1759,71106;232,2599945;1701,233032;5635,953125;2502
362100,0938;4;2;2;2;2;80,01999664;34;652,2910767;2016,42395;3403,076904;2348,954102;4525,120117
193200,0781;3;6;2;1;2;64,91000366;1;196,7536011;440,0647888;2951,562012;3188,275879;2976,429932
148000,2031;5;1;3;2;2;73;14;1403,083008;536,8204956;399,4179993;6745,192871;2027,400024
706000;4;9;4;3;3;173,6000061;32;1164,355957;1656,36499;567,7910156;4345,458008;4066,820068
2864799,75;5;8;4;4;5;402,0100098;36;323,4413147;1390,501953;2772,958008;2976,862061;7126,189941
424000,3438;5;1;4;3;3;143,6699982;36;2699,778076;1848,634033;1792,124023;992,3427734;2951,209961
799999,5625;3;4;3;3;3;190,7899933;31;709,4650879;2887,99292;698,6665039;2934,197021;4193,089844
189899,8906;4;6;2;2;1;56,29999924;24;729,878418;2943,154053;521,815979;3495,334961;3373
779998,9375;3;1;4;4;4;226,9199982;24;804,1975098;220,1053925;3228,99292;2961,040039;3437,330078
153611,875;4;3;2;2;1;64,36000061;21;1399,225952;1441,72998;1110,104004;2144,606934;2386,76001
1729001,25;3;2;4;4;5;367,2600098;36;233,5236053;3642,772949;479,1825867;3791,876953;4707,839844
691699,0625;2;5;4;4;5;250,1000061;36;1402,827026;937,4224243;2110,833984;3811,775879;2765,689941
309999,9375;6;3;3;2;2;102,6999969;21;2694,968994;1016,609009;1517,505981;4466,930176;3018,5
245134,125;2;4;4;2;2;101,0199966;27;2753,727051;1274,042969;646,0322876;4862,243164;2426,590088
4881168;5;5;4;4;7;494,9299927;36;338,8189087;861,4594116;4031,604004;884,2703247;9862,339844
931398,875;7;12;4;3;4;230,3999939;36;1936,134033;72,35353088;212,1820068;3787,798096;4042,530029
225200,4063;5;6;3;2;2;86,44000244;27;1238,896973;327,1448975;2847,235107;4481,879883;2605,280029
308680;8;3;3;2;1;106,2600021;30;1017,500977;133,651001;951,3449707;6487,129883;2904,949951
164899,875;2;6;3;2;2;87,5;27;415,4122925;1115,045044;2004,959961;846,3143921;1884,569946
174899,7813;2;2;3;2;2;104,3199997;22;473,4377136;902,2147827;6469,456055;2331,050049;1676,569946
197999,7188;2;6;3;2;2;95,58000183;28;1623,501953;1207,942993;565,3859863;1084,504028;2071,560059
537999,75;3;9;4;3;3;225;36;482,8337097;2545,166016;759,7692261;2746,169922;2391,110107
458999,9375;6;7;4;3;3;134,8999939;29;1233,161987;977,9354248;606,2406006;2722,716064;3402,52002
305000;2;11;3;3;2;123,0299988;0;1201,599976;538,4909058;4629,63623;1033,458984;2479,070068
1583990,625;7;2;4;4;5;335;45;1740,258057;1633,775024;1762,588989;1844,626953;4728,330078
245590,1719;4;4;2;2;1;70,36000061;25;1244,333008;659,1262817;985,6901245;1561,041992;3490,47998
266889,7188;2;11;2;2;2;94,13999939;31;1166,620972;1169,301025;980,4818115;2095;2835,030029
609999,4375;4;11;4;4;4;173,3800049;37;2037,503052;1766,046997;1546,578979;1490,680054;3518,280029
53360,14063;2;3;2;1;1;45,97000122;15;3205,087891;1522,636963;1340,258057;4368,457031;1160,76001
105000,2031;2;11;2;2;1;53,08000183;29;1670,480957;1285,275024;661,6057739;1055,126953;1978,150024
1523999;7;7;4;4;4;271,0299988;13;1060,552979;2261,284912;1327,499023;1454,442993;5622,990234
81000,07031;3;2;2;2;1;61;26;3831,091064;409,7923889;3681,99292;2983,977051;1327,869995
;6;8;6;6;12;;17;826,3590698;1290,939941;3498,851074;775,645874;6211,649902
591951,625;3;11;4;3;3;180;13;2010,005005;168,0950928;626,4489136;2051,327881;3288,620117
180000,0156;3;6;3;2;1;63,04000092;24;1240,881958;1196,446045;4068,375977;1194,364014;2855,330078
102999,9297;3;9;2;2;1;51,36999893;29;228,1089935;249,0807037;3462,393066;3098,493896;2005,060059
214131,4844;4;10;3;2;2;94,73000336;29;77,30452728;535,9553833;3292,927002;3479,399902;2260,439941
226879,9531;7;12;2;1;1;54,66999817;28;817,5101929;3032,5;609,7666016;3346,187012;4149,990234
62900,05078;3;4;2;1;1;45,68999863;18;1662,355957;166,3748016;5662,431152;6138,961914;1376,670044
134999,8125;2;2;2;2;1;55,02000046;22;2203,172119;598,015625;5001,543945;1165,630005;2453,649902
305000,25;5;8;3;2;2;86,01999664;35;990,2019043;196,7404938;776,5421753;4673,390137;3545,689941
362723,25;7;12;4;3;2;126,6200027;34;541,1390991;288,9071045;2542,521973;648,4605713;2864,659912
650000,4375;2;12;4;3;4;209;2;1700,779053;642,5820923;1011,35199;4967,311035;3110,050049
345617,5;5;11;4;4;2;125;30;314,5682983;1221,782959;1950,82605;929,6671143;2764,939941
1100000;6;10;4;3;4;220;0;1240,953979;2247,753906;1174,55603;1274,819946;5000
201359,7344;6;12;3;2;2;86,05999756;30;305,0076904;741,0170288;6874,187988;2903,910889;2339,76001
103900,0391;4;9;2;1;1;50,02000046;27;867,3109131;860,430603;1384,621948;3134,488037;2077,169922
59880,10547;2;9;2;1;1;50,15000153;18;2129,60498;949,4315796;328,4295959;3484,39502;1194,02002
58000,08203;4;7;2;1;1;55,52000046;0;796,5709229;444,9588013;6609,14209;1129,712036;1044,670044
1149999,75;5;3;1;1;4;221,2899933;30;811,5620728;3144,806885;549,4160767;3117,925049;5196,799805
579999,125;5;2;4;4;3;203,3800049;21;3403,695068;1454,719971;1360,334961;4940,815918;2851,800049
1257799,625;7;9;4;4;4;274,4400024;31;806,2609253;246,1735992;3344,785889;2800,906982;4583,149902
304999,7813;4;4;2;2;2;97,88999939;34;50,36806107;643,4733887;1344,093018;1480,041016;3115,73999
220999,9063;5;1;3;2;2;97,23000336;34;2190,721924;760,7098999;554,7050781;5362,129883;2272,959961
319999,8125;3;8;4;3;3;146,1499939;36;3310,345947;2160,878906;2218,346924;879,0983276;2189,530029
79000,11719;4;4;2;1;1;46,24000168;20;2773,124023;1275,636963;2675,294922;1970,614014;1708,47998
351034,3125;6;8;3;2;2;84;14;1523,490967;570,633728;462,9153137;5808,576172;4178,97998
349999,6563;4;12;3;2;3;104,4800034;24;978,8947754;999,2130127;597,0098877;4495,381836;3349,919922
240999,9063;5;12;2;1;1;62,97999954;31;1714,781006;2331,551025;1677,344971;1816,261963;3826,610107
1035001,063;3;3;4;4;5;281,6000061;16;969,6505127;1022,078979;1191,629028;1346,536011;3675,429932
95499,76563;4;7;2;2;1;61;34;3168,126953;2424,927979;1844,178955;2038,430054;1565,569946
182000,2344;4;3;3;2;2;76;24;2101,11792;456,7839966;3726,499023;903,8646851;2394,73999
236900,5781;2;4;3;3;2;115,4700012;26;1495,703003;490,7016907;4079,409912;2060,593018;2051,620117
95999,78125;7;1;2;1;1;51,97999954;12;808,977417;1635,828003;929,227478;2613,856934;1846,859985
95008,33594;4;4;2;2;1;58,97000122;18;566,4630127;301,9548035;6635,178223;3628,628906;1611,130005
72000,01563;4;12;2;1;1;51,06999969;17;2351,430908;1307,838013;720,7965088;3485,110107;1409,829956
2199998,75;8;2;4;4;4;255,1300049;11;835,0895996;2734,501953;2217,340088;2345,85791;8623,049805
300000;3;7;3;2;3;150;9;2181,836914;1132,411011;1120,152954;5983,553223;2000
217000,1719;4;9;3;2;2;122;0;2593,803955;779,3826904;2355,988037;2440,529053;1778,689941
329299,5938;4;8;4;3;2;121,0500031;35;2330,562012;2231,38501;1496,249023;1522,103027;2720,360107
158999,9531;4;4;2;2;1;67,37000275;30;2329,089111;759,8306274;515,0302734;5367,158203;2360,100098
849999,1875;5;6;4;3;4;195;15;1835,755981;158,4546967;256,9260864;2307,145996;4358,970215
726736,9375;5;6;4;3;4;176,25;1;796,6608887;2327,158936;744,1715698;2856,604004;4123,330078
1140000;3;3;4;4;4;204,1199951;30;578,7564087;3572,12207;680,6749268;3691,003906;5584,950195
104527,3984;3;9;3;2;1;66,44000244;36;152,6405945;389,1895142;7955,690918;579,3668213;1573,26001
539000,3125;7;12;4;3;2;138,6199951;29;1200,029053;698,3900146;3229,60498;4257,437988;3888,330078
70000,17969;6;7;2;1;0;38;17;360,0354919;52,89696121;2986,656006;4064,183105;1842,109985
915399,4375;2;6;4;4;4;309,2900085;35;970,3400879;2082,26001;3516,243896;2346,633057;2959,679932
816199,8125;5;8;4;4;4;244,0299988;0;133,9046936;548,991272;3076,513916;3220,25293;3344,669922
371099,5313;3;3;3;2;2;108,9700012;15;1098,254028;1852,722046;3164,159912;1719,286011;3405,52002
548150,1875;2;8;4;3;3;198,1600037;25;2195,61499;398,3615112;4685,283203;1478,04895;2766,199951
726017,125;4;8;4;4;4;211,7100067;32;2175,371094;1854,469971;1654,463989;1352,438965;3429,300049
105099,8906;4;9;3;2;1;65,55999756;27;992,2647705;1604,266968;992,3259888;2163,675049;1603,109985
278999,875;4;4;3;2;2;110,2300034;24;2600,773926;1500,619995;1498,167969;1337,421997;2531,070068
230699,5938;6;8;3;2;2;82,06999969;33;683,8317261;1121,527954;2557,98291;1334,781006;2811,01001
90000,25781;4;9;2;1;1;52,84000015;15;2258,125;1290,409058;447,2789917;5768,879883;1703,26001
284910;5;9;4;2;2;121,5999985;36;2244,763916;1416,428955;1907,927979;827,7681274;2343,01001
261594,7031;2;8;3;2;2;101,0100021;23;537,302124;2015,015991;522,9910278;2837,0979;2589,790039
2200001;4;2;4;4;5;349,7600098;39;900,5339966;2582,760986;1083,222046;3623,852051;6290,029785
114994,4531;3;12;2;2;1;61,61000061;24;4127,379883;1033,22998;2385,566895;2216,177002;1866,48999
4842511;2;7;5;5;8;735;35;1100,312012;3307,458984;1185,291992;3143,333984;6588,450195
1250000,5;3;10;4;4;7;266,3099976;20;1361,878052;577,5938721;3933,885986;2254,020996;4693,779785
334999,6563;4;10;4;3;3;123,6800003;18;2408,180908;1444,071045;455,2056885;4848,559082;2708,600098
104900,0078;2;10;2;1;1;52,72999954;26;1713,187012;144,3005981;129,7814026;6040,157227;1989,380005
380000,25;6;11;3;2;2;105;18;1711,203003;2052,458984;1726,464966;1631,368042;3619,050049
334999,9063;5;8;3;2;2;123,75;35;2252,827881;1987,624023;1786,928955;1277,817993;2707,070068
394900,25;6;10;4;2;2;122,8000031;36;3403,525879;1696,781982;909,8856201;4431,500977;3215,800049
187999,7344;3;10;3;2;2;91,37999725;26;2737,467041;418,2481079;2102,399902;4403,798828;2057,340088
321999,5938;7;12;3;2;2;104;24;2286,540039;1653,317993;1094,078003;3571,779053;3096,149902
127848,3594;4;10;2;1;1;52,91999817;36;710,0238037;756,6768799;2514,378906;1097,926025;2415,879883
195699,9531;2;11;3;2;2;90,33000183;19;2740,711914;1262,31897;643,2089844;4874,867188;2166,5
271020,125;2;9;4;2;2;132,6799927;24;3208,086914;1869,105957;2124,5;1302,246948;2042,660034
189440,1563;3;7;3;2;2;78;8;96,94129181;390,2612;1753,500977;2017,598999;2428,719971
267410,2813;6;12;3;2;2;105,7200012;36;2028,745972;362,9500122;416,3244934;1628,012939;2529,419922
91500,25;5;8;2;1;1;49,33000183;14;1779,192017;437,3887939;698,9310913;6881,13916;1854,859985
99899,79688;5;12;1;1;1;44,34000015;0;272,5217896;2720,544922;1116,099976;2301,037109;2253,040039
1129700,5;3;11;3;2;3;217,8500061;30;1078,203979;1858,755005;3065,832031;1460,817993;5185,680176
77832,96094;4;7;2;1;1;48;13;179,7353973;73,30748749;7284,298828;3506,149902;1621,52002
217987,6563;4;3;3;2;2;70,30000305;27;1051,420044;1557,784058;3775,593018;1820,547974;3100,820068
189000,0469;3;12;3;2;2;82,16000366;29;2296,093994;1335,407959;641,8942871;4718,189941;2300,389893
93700,25;3;5;2;1;1;56,00999832;19;4578,754883;520,645874;3201,319092;2474,739014;1672,920044
59500,08984;2;9;2;1;1;49,22000122;18;1137,198975;573,8187256;4214,130859;1133,61499;1208,859985
596000,3125;4;9;4;3;3;140,4299927;27;949,4459229;2182,355957;2805,25293;1942,959961;4244,109863
1271799,75;5;3;4;4;4;278,5400085;36;1003,262024;1901,718018;722,2158203;4310,98291;4565,950195
765050,9375;2;8;4;4;4;214,3300018;31;1726,862061;2045,751953;1735,379028;1635,354004;3569,5
509312,5938;2;11;4;3;3;157,5200043;24;913,9556885;285,0237122;852,0933228;4759,283203;3233,320068
191201,0313;5;9;3;2;2;82;30;810,5501709;1401,030029;759,6309204;2299,666016;2331,719971
487907,0938;2;5;4;3;3;169,5800018;37;931,2490234;1937,652954;3598,424072;2205,679932;2877,149902
240000;3;3;3;3;3;120;30;636,3530273;2635,425049;689,2973022;2766,25;2000
209999,7969;7;2;3;2;2;71,5;28;478,9796143;709,4567261;2532,980957;3905,756104;2937,060059
105000,0859;4;6;2;1;1;48,38000107;28;2313,60498;1454,89502;1847,942017;908,354187;2170,320068
75000,10156;2;4;2;2;1;55,18000031;3;873,555481;424,8475952;545,4146118;7269,992188;1359,189941
73440,21094;5;10;2;1;1;59,54000092;23;638,3939819;21,54305077;3184,929932;2321,385986;1233,459961
745000,9375;5;9;4;4;4;222;36;1305,18103;383,7943115;617,7796021;4541,580078;3355,860107
372470,375;3;10;4;3;3;124,5;35;376,6708069;466,8086853;4520,64502;734,5825195;2991,72998
119999,9688;8;2;3;1;1;69;18;332,4520874;615,3585815;1568,715942;638,8234253;1739,130005
531000,75;6;8;4;3;4;159,1499939;45;1692,67395;1156,463013;923,6715088;1416,113037;3336,47998
828001;2;11;4;4;4;275,6199951;30;1615,266968;1275,817993;2187,25708;3838,785889;3004,139893
230000,0938;4;9;3;2;2;110;11;2305,977051;1729,07605;1650,764038;1001,487;2090,909912
616995,9375;2;10;4;3;3;282,6600037;36;2627,246094;1362,927979;2934,656982;1706,843018;2182,820068
319000,375;4;6;1;1;2;81,73000336;30;755,8197021;1641,922974;688,7567749;1479,83606;3903,100098
410740;4;5;3;2;2;134,6000061;36;1402,397949;390,5650024;184,4125977;3757,462891;3051,560059
327100,4063;3;11;2;2;2;98,27999878;29;1714,781006;2331,551025;1677,344971;1816,261963;3328,25
159600,0469;2;8;3;2;2;85,15000153;11;389,8208923;725,572998;322,7275085;6650,12207;1874,339966
94799,76563;2;6;3;2;2;64,05000305;17;240,4598999;337,3432922;3728,200928;3620,405029;1480,089966
119650,0547;6;12;2;1;1;48,75;29;416,4500122;206,7532959;2436,615967;3991,298096;2454,360107
1590488,875;6;1;4;4;4;277,8699951;36;207,9349976;697,5905762;4134,448242;748,5385742;5723,859863
87499,9375;5;12;2;1;1;47,34000015;24;1718,421021;259,6455078;4795,145996;811,5770874;1848,329956
1034798,688;5;11;4;4;6;321,3999939;31;1826,25;1317,224976;894,6610107;6205,724121;3219,659912
379234,0625;7;7;1;1;1;98,52999878;14;1290,952026;892,0645752;509,2974854;2550,62793;3848,919922
326999,5;6;1;3;2;2;107;17;3012,649902;1531,172974;859,1746216;5149,87207;3056,070068
1269999,375;3;10;4;4;5;291,8699951;26;961,065979;2548,25708;2402,216064;2150,9729;4351,25
422624,0313;2;12;4;3;3;146,7200012;24;526,9473267;452,2184143;2671,51709;2929,583984;2880,47998
77000,07031;8;3;2;1;1;49;19;357,8529968;395,7062073;833,8756714;4886,441895;1571,430054
194699,8125;3;7;1;1;2;52,52999878;0;860,0653076;2512,012939;644,9780884;2982,931885;3706,449951
110000,1328;3;10;2;2;1;61,5;11;3790,312012;2087,662109;1434,968018;4124,775879;1788,619995
260000,3594;5;9;3;2;2;95,62000275;27;810,6494751;540,6431274;313,1463013;6355,688965;2719,100098
334991,9375;2;8;4;3;3;134;20;1237,817017;1703,921997;1236,197021;2083,448975;2499,939941
651999,8125;6;10;4;3;3;155,8600006;36;143,8856049;569,953186;2884,448975;3535,388916;4183,240234
115000,2031;5;9;2;2;1;60;28;2744,768066;819,7617798;4867,85791;2583,60498;1916,670044
97400;7;5;1;1;0;40;26;854,9373169;1428,630981;410,5744934;1089,192993;2435
1111100,75;4;11;4;4;5;252;30;720,8137817;382,707489;3303,934082;2834,344971;4409,129883
97900,25781;5;2;2;2;1;56,43999863;17;2115,343994;464,8218079;1122,485962;5786,029785;1734,589966
268362;7;12;3;2;1;87,69999695;36;489,4436951;586,4907227;1113,177002;2227,664063;3060
402999,7188;6;6;1;2;2;89,5;30;673,8483887;3264,342041;489,7430115;3582,775879;4502,790039
431000,2813;4;9;4;3;2;139,2700043;35;1411,713989;2680,11499;475,8286133;3491,604004;3094,709961
1012999,125;7;12;4;4;4;239,7200012;29;1951,511963;257,5787964;5076,955078;566,7570801;4225,759766
1023999,313;4;12;4;4;5;270;0;179,9880981;589,9735107;2551,191895;3593,154053;3792,590088
263000,4063;8;2;3;2;2;92;30;3666,762939;1551,261963;2399,268066;3425,520996;2858,699951
323100,3438;7;12;3;2;2;107,0999985;33;342,0892029;465,2416077;2464,635986;647,5651855;3016,810059
207899,625;3;5;3;2;2;92,15000153;24;2828,355957;1557,223022;1341,046997;4091,093994;2256,100098
1006699,625;5;7;4;4;5;267,730011;29;1490,640015;720,546875;596,7238159;2981,01001;3760,129883
943247,1875;2;7;4;4;4;245,0399933;18;983,4260254;1360,374023;1412,894043;1353,256958;3849,360107
162000,1094;6;12;2;2;1;57,09999847;1;192,0182037;662,468689;135,1139984;6462,380859;2837,129883
82400,05469;5;12;2;1;1;50,09000015;27;915,1079712;287,614502;8353,933594;6781,875977;1645,040039
777011,0625;6;11;4;4;4;224,3000031;32;2100,788086;576,0571899;3765,490967;928,8673706;3464,159912
165799,75;2;8;3;2;2;80,31999969;0;2138,906982;422,588501;2197,721924;1916,250977;2064,23999
340399,7813;6;11;4;2;2;130;28;469,9024048;1213,948975;825,5432129;1001,065979;2618,459961
433400,3438;3;5;4;3;3;172,6000061;37;3484,36499;2184,875;2318,770996;786,6087036;2511,01001
677879,25;7;9;4;3;3;161;32;973,7512817;258,6348877;3558,261963;2582,531006;4210,430176
115900,0078;2;4;1;1;1;43,90999985;13;1199,722046;1480,390991;4002,447998;1752,645996;2639,48999
526000,75;3;9;3;3;4;154,9700012;24;1112,328003;436,6593933;4378,547852;884,6616211;3394,209961
343640,125;6;10;3;2;3;122,4400024;36;2728,711914;271,1496887;4318,979004;196,3912964;2806,600098
449900,5313;3;9;4;2;2;116,8499985;32;1710,682983;784,9060059;5374,108887;949,9121094;3850,23999
97999,77344;4;7;2;1;1;46;32;2951,884033;842,6090698;4081,345947;1823,347046;2130,429932
84500,0625;6;4;2;1;1;45,90000153;14;623,7094727;563,4857788;2252,594971;3124,379883;1840,959961
73999,75;4;11;2;1;1;55;25;1057,387939;421,2861023;2974,986084;861,1704102;1345,449951
390299,875;6;11;4;3;2;115,7600021;30;1623,052002;2139,220947;1574,915039;1825,225952;3371,629883
613599,875;3;6;2;2;2;173;36;986,9788208;1974,750977;3598,310059;2239,879883;3546,820068
1093289,875;3;11;4;4;4;250,3399963;29;1084,612061;2164,293945;1215,140991;1350,384033;4367,220215
150000,125;3;10;3;2;2;68,75;36;647,6439819;595,2855835;806,9951782;980,6132202;2181,820068
420000,6875;2;3;3;3;3;151,1799927;21;2493,865967;930,5031128;238,0391998;5420,918945;2778,149902
439000,0313;4;3;3;3;3;166,9499969;20;339,6398926;2408,371094;776,5933228;2814,688965;2629,530029
1479000,125;2;9;2;2;4;277,8900146;30;1033,046997;1704,003052;3459,342041;1771,524048;5322,25
427919,5313;6;12;4;3;2;148,7799988;28;586,293396;521,4865723;4612,312012;590,1774902;2876,189941
336300,0313;4;7;3;2;2;98,94000244;31;788,5872192;471,4122925;1155,026978;4590,789063;3399,030029
93000;7;3;2;1;1;48;23;3689,501953;187,7527008;3146,768066;6944,755859;1937,5
153900,3125;5;5;3;2;2;71;0;1944,607056;1549,276978;794,8671875;5237,229004;2167,610107
386999,5938;7;7;4;3;3;115,6500015;29;3159,343018;1715,712036;2039,884033;1664,245972;3346,300049
1680524,75;2;5;4;4;5;315,1499939;30;842,6370239;2749,031006;1022,091003;3580,035889;5332,459961
346609,5313;4;7;3;2;2;113,2399979;35;47,65427017;716,0083008;1457,838013;1342,046021;3060,840088
94999,85156;4;1;2;1;1;55;18;1663,729004;269,0245056;832,472229;6372,240234;1727,27002
446716,25;3;9;4;3;3;125;23;1561,817017;981,4365845;427,362915;4886,086914;3573,72998
56903,82422;3;3;2;1;1;43,65999985;18;2048,714111;667,637085;5766,104004;2756,427002;1303,339966
387514,2813;3;10;4;2;3;135,6799927;26;2161,957031;2010,610962;1786,182007;1381,339966;2856,090088
1426001,125;7;10;4;4;4;269,8699951;30;927,5015869;1987,291992;3415,681885;2457,354004;5284,029785
1068000,75;7;12;4;4;4;233,3000031;32;941,1276855;110,3310013;3501,918945;2637,523926;4577,799805
236179,75;7;12;3;2;2;85,69999695;36;148,6562958;549,5725708;3378,822021;3589,498047;2755,889893
283999,7813;2;6;4;3;2;140,0200043;34;566,484375;1261,369019;1354,098999;1608,803955;2028,280029
882799,5;7;9;4;4;4;201,2899933;29;3323,35791;1272,937988;1459,70105;5098,577148;4385,709961
268700,3438;3;8;3;2;2;112;37;653,1124268;127,9091034;2209,25293;4739,828125;2399,110107
656000,75;2;6;4;4;5;185;0;784,4205933;341,2759094;3367,554932;2770,913086;3545,949951
145799,8594;3;9;1;1;1;37,50999832;30;381,4367981;2083,789063;988,7855225;2026,261963;3886,959961
146599,9375;7;9;2;1;1;52,5;34;2893,343994;2360,912109;2286,922119;2338,387939;2792,379883
68129,875;6;3;2;1;1;52;5;2059,146973;168,8092957;2650,326904;7382,041016;1310,189941
2181200;7;10;4;4;5;300,7099915;50;1891,793945;1801,694946;1762,634033;1788,409058;7253,5
439000,2188;4;6;3;3;3;147,7200012;36;1705,333984;1524,177979;280,2896118;569,9865723;2971,840088
75599,89063;2;11;1;1;1;35,43999863;29;1280,651001;776,882019;4325,817871;1124,779053;2133,179932
734000,125;2;10;4;3;4;190,8699951;37;936,8751221;2830,410889;1174,256958;3389,091064;3845,550049
126899,9453;2;10;2;2;1;57,66999817;26;1987,256958;2087,875;1759,352051;1601,767944;2200,449951
188850,3125;7;10;2;2;1;71,75;33;1038,718994;759,4647827;2797,614014;1320,453003;2632,060059
114339,9297;7;9;2;1;1;47,77999878;18;2017,286987;1816,045044;398,6304016;1539,927002;2393,050049
80000,23438;3;12;2;1;1;51,81999969;18;3958,943115;1757,88501;2536,541992;3614,679932;1543,810059
531234,25;7;9;4;3;3;176,8899994;35;872,7296753;485,8916931;1490,347046;2542,863037;3003,189941
696000,8125;8;3;4;3;3;165,1600037;27;2139,384033;238,0478973;5022,625;774,0269165;4214,100098
233999,8906;4;10;3;2;2;88,72000122;36;1548,649048;1307,880005;582,314209;971,0352783;2637,51001
106300,2266;2;5;2;1;2;61,86000061;3;956,517395;497,9706116;2994,565918;4214,299805;1718,400024
4357501;6;8;4;4;7;462;36;199,1045074;1069,561035;3657,13208;478,5232849;9431,820313
82999,79688;4;8;2;1;1;60;0;1705,890991;86,49153137;2104,237061;6916,151855;1383,329956
1633700,125;4;3;4;4;4;262,8699951;26;418,3927002;829,6392212;4114,50293;958,1298218;6214,859863
165000,2344;2;12;2;2;2;72;24;940,4182739;221,8764954;914,59552;4848,270996;2291,669922
419099,6563;6;3;4;3;3;172,3300018;31;396,0343933;791,1917114;1851,973999;2466,886963;2431,959961
68500,03906;2;7;2;1;1;48,25;14;310,6250916;574,9047241;5208,803223;233,9658051;1419,689941
799999,125;4;7;4;3;4;223;30;690,7224731;295,6570129;3147,169922;3021,218018;3587,439941
149999,6094;2;7;3;2;2;82,69999695;24;2801,416992;1258,227051;544,998291;4869,440918;1813,780029
3897698,25;6;8;4;4;5;655,8800049;33;154,7003937;1174,475952;4984,515137;1103,06897;5942,700195
319719,4063;3;1;4;3;3;134,1999969;20;216,2678986;1302,063965;1857,301025;1028,983032;2382,409912
64400,22656;2;5;2;1;1;49,22999954;0;1825,18103;424,8299866;597,3798828;2767,681885;1308,150024
214299,7969;4;10;3;2;2;76,45999908;26;2893,488037;2005,078003;1970,172974;829,1143799;2802,77002
215130,2969;8;2;3;2;1;82,34999847;34;1829,748047;421,0321045;5961,312988;988,2391968;2612,389893
876286,125;2;11;4;4;4;260,1900024;30;1349,917969;559,1013794;926,057373;1589,021973;3367,870117
332882,3438;3;5;4;3;2;130,7400055;24;689,8643188;946,9229126;2586,750977;993,0285034;2546,139893
429000,6875;4;8;4;3;3;134,1000061;28;2001,635986;1154,729004;667,2545166;5040,198242;3199,110107
312559,6875;7;6;3;2;2;107,3099976;25;59,53887177;845,8295898;6977,403809;2908,836914;2912,679932
492799,9688;2;3;4;3;3;167,1499939;21;1585,801025;2010,446045;671,0278931;750,9882202;2948,25
2569999,25;3;4;4;4;5;401,9700012;36;272,0545044;1651,822998;3015,878906;2725,793945;6393,509766
231999,7344;5;10;3;2;2;83,5;30;3354,97998;2193,519043;2468,989014;659,0836182;2778,439941
1083499,5;2;11;4;4;4;231,1499939;30;751,2966919;1961,36499;3299,101074;2053,439941;4687,430176
338000;7;7;3;3;2;100;31;547,6577148;1834,399048;452,4169922;3405,429932;3380
610999,1875;6;6;4;3;3;169;26;1634,115967;813,5072021;3898,7771;1704,833984;3615,379883
1862999,125;2;4;4;4;6;337,1700134;36;307,9562073;716,034729;4168,680176;855,6307983;5525,399902
194000,2344;5;11;3;2;2;85,36000061;7;2883,635986;781,3325195;2657,416016;2542,823975;2272,72998
94399,96094;3;9;2;2;1;55,08000183;21;656,6052856;396,7155151;1454,588013;2544,225098;1713,869995
166999,7813;4;2;2;1;1;54,31999969;32;870,6801147;1718,93396;130,1248016;3696,928955;3074,370117
118999,7813;3;9;2;2;1;58,41999817;30;1727,046021;1263,186035;741,1027222;1139,134033;2036,969971
142999,9844;3;12;2;1;1;48,56000137;30;343,8002014;2134,991943;392,9556885;3088,073975;2944,810059
2427000;4;3;4;4;6;351;23;296,9552917;1631,098022;1426,495972;3809,135986;6914,529785
321729,625;5;7;4;2;2;101,9700012;28;1433,353027;883,2999268;4046,51001;1372,53894;3155,139893
97000,03906;3;4;1;1;1;28,5;31;908,9174194;1944,295044;867,0463257;2476,427002;3403,51001
529999,9375;4;3;4;3;3;155,3300018;8;1600,848022;1895,109009;1575,738037;1795,259033;3412,090088
159999,9531;3;5;3;2;2;95;30;1315,954956;849,1066895;3490,570068;3408,371094;1684,209961
149000,0156;3;1;3;2;2;73,41999817;28;1217,675049;612,6765747;495,5147095;5990,35498;2029,420044
225450,0156;2;11;4;3;3;113,4100037;42;1687,175049;1220,404053;723,4622803;1173,869019;1987,920044
80000,25;7;4;2;1;1;55;2;1138,797974;442,000885;2374,230957;217,4049988;1454,550049
84999,96094;7;7;2;1;1;43,83000183;17;531,5244141;452,2504883;4183,599121;4455,562012;1939,310059
78700,17188;3;7;2;1;1;52,11000061;18;2359,758057;519,1486206;711,8759766;2019,029053;1510,27002
71999,92969;5;1;2;1;1;47,34999847;17;135,4111023;141,9550018;6552,891113;982,0009155;1520,589966
119999,7969;5;12;2;2;1;60,66999817;30;920,6467896;601,8192749;2672,861084;2646,914063;1977,910034
258427,8906;7;12;3;2;2;95,84999847;36;996,1049194;132,9002075;732,7230225;2699,126953;2696,169922
671723,125;2;9;4;4;4;260,1400146;33;381,4313049;593,7617798;1364,957031;2231,069092;2582,159912
112110,2031;2;3;3;2;1;75,08000183;26;693,8845215;943,2520142;4657,85791;1524,668945;1493,209961
217000,4375;5;10;3;2;1;105,7099991;35;2393,524902;1749,255981;2829,157959;2300,979004;2052,790039
74900,02344;2;12;2;1;1;47,59999847;30;3885,102051;785,402771;3422,177002;3497,137939;1573,530029
3023698,5;7;3;4;4;5;367,230011;33;177,8493958;654,2368774;4169,486816;730,7155151;8233,799805
67999,79688;3;8;3;1;1;70,59999847;0;81,19212341;272,7381897;7017,574219;7192,631836;963,1699829
289840,0938;2;11;4;3;3;142,0200043;31;574,8256226;646,0841064;3073,230957;3743,376953;2040,839966
173810,3281;7;1;3;2;1;69,19999695;29;2341,241943;1405,680054;1025,918945;3701,665039;2511,709961
93600,23438;5;12;2;1;1;54,59999847;22;2640,040039;578,5983887;3159,846924;4214,051758;1714,290039
148900,2813;5;5;3;2;2;73;12;1834,155029;639,7487183;1091,090942;5735,96582;2039,72998
353929,4688;7;9;4;2;2;125,5999985;36;1243,98999;958,3295288;1264,129028;3187,592041;2817,909912
132000,0469;3;1;2;2;2;66,87000275;29;1420,156982;1793,514038;500,3757019;521,4348755;1973,97998
256511,7344;3;4;3;3;3;114,1299973;32;696,7846069;379,6019897;2014,83606;2841,302979;2247,540039
477600,5938;7;4;4;3;3;139,7400055;30;1584,052002;809,6677246;3945,063965;1498,126953;3417,780029
83790,125;2;4;1;1;1;38,84999847;30;1951,015015;1259,748047;1085,666992;1739,358032;2156,76001
144511,0938;5;10;3;2;2;65,66000366;14;345,4942932;365,053894;2982,388916;4235,429199;2200,899902
355400,3125;7;9;3;2;3;105,8700027;20;304,042511;1202,541992;5138,665039;1887,255981;3356,949951
140000,1563;2;7;3;2;2;65,44999695;26;379,0082092;2680,154053;1345,735962;2242,886963;2139,040039
68000,03906;4;1;2;1;1;54;14;936,0977783;611,027771;5915,884766;4788,493164;1259,26001
760999,75;3;7;4;3;4;205,0399933;29;1109,008057;2259,718994;414,5552979;4258,041992;3711,469971
1165999,5;3;11;4;3;3;226;29;656,1212158;2027,31897;3413,479004;2337,446045;5159,290039
358963,75;8;2;4;3;2;126,1699982;29;2481,434082;1278,561035;704,8165283;1827,734009;2845,080078
2401998,75;5;3;4;4;4;280,8800049;36;151,222702;1592,728027;2936,701904;2804,672119;8551,69043
98999,83594;2;9;2;1;1;57,02000046;13;1304,890015;357,425415;358,565094;6082,490234;1736,22998
178154,0625;4;10;3;2;2;92,81999969;36;87,43811035;921,2368774;1084,482056;1060,854004;1919,349976
85789,92188;5;8;2;1;1;48,81999969;13;569,2033081;101,2371979;7541,956055;2116,425049;1757,27002
361781,6875;3;4;3;3;3;129,0399933;30;1271,782959;232,445694;5230,013184;688,1798096;2803,639893
1220999,125;4;9;4;4;4;233;27;495,5315857;3671,365967;675,6849976;3732,603027;5240,339844
478499,5938;6;5;4;3;2;143,0800018;37;641,3114014;848,3931274;2531,106934;902,9318237;3344,280029
325999,5;2;10;4;3;2;124,5;34;1799,776978;782,1090698;4073,154053;1669,746948;2618,469971
115000,0469;7;7;2;1;1;49,90000153;23;3610,075928;544,6779175;3062,980957;3436,916016;2304,610107
1240400,375;4;5;4;4;4;263,9200134;36;2566,201904;1246,427002;3353,524902;1158,833008;4699,910156
93999,83594;5;7;2;1;1;53,29000092;24;1143,146973;651,8270874;1289,381958;649,628479;1763,930054
170000,375;3;6;3;2;2;81;21;162,4353943;266,5412903;2097,677002;4316,144043;2098,77002
199356,7188;2;9;4;2;2;102,0500031;26;1290,967041;622,7194824;982,4000244;1456,078979;1953,52002
110239,3672;5;4;2;1;1;58,15999985;32;1893,942993;622,2211304;691,8701172;1289,975952;1895,449951
189999,8125;7;10;2;2;1;63;0;394,0481873;739,3637085;458,5134888;6284,266113;3015,870117
71499,89844;2;9;1;1;1;32,38000107;17;265,4645996;701,2636719;2095,166992;2353,518066;2208,149902
468659,1875;3;5;4;3;3;168,0299988;30;2092,318115;739,0095825;3985,184082;513,2368774;2789,139893
316789,9063;3;11;3;2;2;107,0199966;27;346,0510864;3354,10498;521,4691162;3112,113037;2960,100098
48499,87109;4;3;2;1;1;51,59999847;15;847,9481812;529,4495239;16578,66992;4738,972168;939,9199829
444164,1563;7;8;4;3;2;138,1000061;30;1628,912964;1248,696045;3496,23999;736,0988159;3216,25
648700,4375;7;9;3;3;3;141,75;36;393,3106995;508,865387;1347,079956;4459,992188;4576,370117
281600,1875;7;6;2;2;1;71;27;1236,980957;1763,631958;578,3757935;4308,528809;3966,199951
69099,98438;2;4;1;1;1;40,86000061;26;1012,64801;1877,281006;343,1014099;343,1577148;1691,140015
58999,94141;4;2;2;1;1;38;10;425,8775024;237,3540039;6578,755859;913,1019897;1552,630005
486000,2188;2;7;2;2;2;121,7099991;5;1084,104004;1208,10498;1252,42395;1461,938965;3993,100098
1081300,125;3;9;4;4;4;270,8599854;36;1217,875;2470,676025;1132,920044;2511,908936;3992,100098
461595,0938;5;10;4;3;2;150,6300049;38;754,5839844;857,8436279;4699,24707;703,5908813;3064,429932
242029,7031;7;4;3;2;2;72,13999939;36;323,4943848;1220,465942;1956,093994;920,8823242;3355
538527,875;4;10;4;4;3;169,0299988;36;1301,610962;347,8009949;1080,426025;4762,813965;3185,98999
67999,85156;3;3;2;1;1;44,68999863;12;447,1658936;1277,095947;727,0496216;704,237915;1521,589966
241560,0469;2;3;2;2;1;71,41000366;23;100,3554993;3659,711914;224,6313934;3529,698975;3382,719971
83999,99219;2;6;2;1;1;56,22000122;0;1617,972046;233,603302;888,020813;6315,803223;1494,130005
64999,90625;3;10;2;1;1;47,06999969;18;2439,624023;969,5966187;4919,295898;1658,420044;1380,920044
72192,03125;5;11;2;1;1;46,02000046;27;871,1824951;78,38934326;1473,172974;6582,64209;1568,709961
131109,7813;2;3;2;2;1;69,40000153;25;612,144104;759,1790161;2485,604004;811,6231079;1889,189941
450000;3;12;4;2;3;120;3;1813,129028;129,0115967;441,2874146;2064,227051;3750
575000,375;5;8;4;3;3;205;31;3470,466064;1685,177002;1195,021973;4769,220215;2804,879883
834899,625;6;6;4;3;3;160,9199982;18;689,0645752;1257,772949;2685,108887;3144,189941;5188,290039
285999,75;6;12;3;2;2;101,0999985;36;771,4440918;490,4332886;1588,667969;2830,305908;2828,879883
759660;5;5;4;4;3;220;36;564,6290283;429,5848083;1325,31604;1644,717041;3453
204999,5781;2;6;4;2;2;105,3300018;33;4247,12793;1620,396973;1863,823975;4631,958008;1946,26001
137002,4531;2;12;2;2;1;56,04999924;21;2076,090088;2072,48999;1818,708008;1497,713989;2444,290039
364582,1563;6;9;4;2;2;130,0500031;36;290,4689026;1321,852051;4829,532227;2167,253906;2803,399902
273708,625;5;12;3;2;2;95,87999725;28;214,1374054;646,1503296;5146,305176;478,5004883;2854,699951
320000,375;5;3;3;2;2;120;27;1060,370972;726,6309204;428,5651855;3667,269043;2666,669922
102200,2656;4;3;3;1;1;60,25;28;1314,870972;2237,656982;288,8985901;2335,861084;1696,27002
549899,25;4;10;4;3;3;162;36;887,2039795;1830,610962;3399,048096;1918,411011;3394,439941
469999,4375;3;10;3;2;2;122,5;26;1061,177002;2255,082031;2696,751953;1909,879028;3836,72998
388149,9375;6;12;3;3;3;116;29;1394,81604;595,7963867;516,0314941;3225,217041;3346,120117
473949,5938;5;9;3;2;2;121,4199982;27;1573,749023;2050,113037;719,6130981;791,1677246;3903,389893
140799,6875;5;10;3;2;1;71,30000305;30;2501,562988;464,6072083;2449,716064;2141,24707;1974,75
920001;7;12;4;4;5;216,5599976;8;432,2402954;475,4417114;2711,260986;891,2642212;4248,25
262299,7813;7;9;3;2;2;83,76999664;25;3819,238037;2042,255005;1370,631958;4161,498047;3131,189941
558699,6875;7;12;4;3;3;131,1199951;31;1541,473999;678,9957275;826,1099243;5093,778809;4260,97998
150519,8125;2;8;2;2;1;70,51000214;25;2847,141113;1909,60498;1883,343994;926,6237793;2134,72998
165216,875;6;8;2;1;1;47,5;18;1129,156006;1524,973022;176,0825958;3981,333008;3478,25
77999,82031;7;6;2;1;1;39,59000015;29;2254,302002;20,56846046;1767,769043;1953,730957;1970,189941
200000,25;7;11;3;2;2;75;18;2563,052002;289,1058044;2627,315918;6672,188965;2666,669922
199700,25;2;3;4;2;2;105,2399979;17;2760,339111;2009,55896;1934,573975;850,3856812;1897,569946
727999,8125;5;1;4;4;5;220;4;3511,560059;1584,300049;1321,61499;4808,26416;3309,090088
1026640,563;6;8;3;3;3;141,2100067;21;803,6295776;1596,119995;3030,454102;2850,852051;7270,310059
519749,5625;5;10;4;3;3;151;35;1737,291016;1208,317017;926,4332886;1366,932983;3442,050049
255999,5156;3;4;3;2;2;94,52999878;18;3112,821045;2186,284912;2173,018066;669,8983765;2708,129883
3220000,25;5;10;4;4;5;415,6700134;36;142,7373962;613,3317261;4198,704102;701,8894043;7746,529785
280200,0313;4;10;3;2;2;89,56999969;33;601,6542969;3019,211914;449,6359863;2950,248047;3128,280029
57000,10156;2;11;2;1;1;45,68999863;15;3324,602051;1217,332031;1111,102051;4003,215088;1247,540039
110000,1172;3;9;3;1;1;76;0;408,7793884;353,2821045;6845,103027;4705,058105;1447,369995
88599,75;5;2;2;1;1;51;28;3200,301025;169,8202972;2723,0979;4117,866211;1737,25
236200,2188;5;11;3;2;2;80,80000305;30;750,7172852;2637,993896;1673,100952;1796,317017;2923,27002
94999,78125;7;8;2;1;1;52,77999878;24;1579,562988;542,8922119;2060,406006;1725,427002;1799,920044
5989499,5;6;12;4;4;6;605,8499756;5;924,1652222;1334,543945;381,2484131;1438,416016;9886,110352
91199,86719;8;3;2;1;1;46,70999908;12;4628,540039;496,3041992;4354,145996;3773,633057;1952,469971
168580,8594;3;1;3;2;2;105,5199966;33;2219,993896;966,9066162;767,7432251;5156,61377;1597,619995
54999,87891;2;11;2;1;1;51,08000183;10;1307,328003;404,2741089;1544,099976;1588,613037;1076,73999
351500,1875;5;3;2;2;2;78,12000275;33;715,8015137;2614,243896;637,4644165;4123,933105;4499,490234
673139,8125;6;11;4;4;3;207,4799957;30;157,5321045;635,5806274;1042,015015;1793,94104;3244,360107
627800,75;3;5;4;3;3;194,8300018;28;1292,209961;933,555481;700,2406006;2774,583984;3222,300049
1305999,125;3;10;4;4;5;327,4100037;30;829,7108154;1557,062988;882,9943848;4386,916016;3988,879883
1022799,75;7;3;4;4;4;245,0800018;36;891,1480713;514,5026245;1028,401978;4715,257813;4173,330078
218900,0781;4;11;3;2;2;79,19999695;25;2513,416016;1007,033997;547,4666748;5120,824219;2763,889893
104000;6;3;3;1;1;65;24;565,4616699;389,6765137;2071,049072;1468,161987;1600
443999,8438;6;11;3;2;2;135,0500031;31;817,3790894;975,1630249;1739,267944;2201,638916;3287,669922
2880000;4;7;4;4;5;360;36;40,43738174;834,3043823;3895,13501;460,1081848;8000
274999,625;5;5;3;2;2;157;0;622,5360107;1246,911011;2570,873047;4224,25293;1751,589966
555500,3125;5;2;4;3;3;158,1999969;28;2179,762939;1759,82605;1575,484009;1359,463989;3511,379883
141599,7188;4;10;2;1;1;61,65999985;29;2894;1826,063965;1743,791016;1673,833984;2296,459961
1935998,5;5;3;4;4;5;316,019989;32;1623,337036;918,4035034;1891,23999;4048,949951;6126,189941
643500,6875;6;3;4;4;4;196,8500061;38;909,0814209;11,45096016;2679,092041;4390,210938;3268,98999
414568,25;7;9;4;3;2;160,8200073;36;1631,435059;169,5957031;3010,72998;3032,730957;2577,840088
589149,8125;5;2;4;4;4;264,8399963;35;3486,812988;1778,999023;1109,696045;4663,303223;2224,550049
187539,2969;3;1;3;2;2;90;18;2313,297119;1377,102051;390,226593;5750,971191;2083,77002
110999,8047;3;4;2;1;1;58,02000046;30;1424,630981;1587,203003;671,1520996;688,7739868;1913,130005
658000,9375;2;11;4;3;4;221;10;1526,813965;1164,166016;868,0537109;2123,712891;2977,379883
373079,9688;7;10;3;2;2;114,1999969;27;2579,655029;1168,333008;1537,620972;3543,543945;3266,899902
1021998,813;5;4;4;4;4;280,8699951;35;1482,088013;1944,124023;1496,593994;1785,593018;3638,689941
78800,13281;4;12;2;1;1;47,84000015;20;319,6325073;444,3377991;5198,429199;2876,072998;1647,160034
175000,2188;3;2;1;1;1;47,16999817;0;1062,452026;485,7341919;3630,449951;2549,062988;3709,98999
90299,96094;3;2;3;2;1;69,5;12;1713,31604;2070,895996;1239,958008;410,8894958;1299,280029
503000,125;4;10;3;2;2;131,5899963;14;929,0880737;2155,373047;2854,420898;1955,661011;3822,47998
1044001,063;7;3;4;4;4;224,8500061;39;2015,015015;2257,503906;1573,832031;1422,567993;4643,100098
207900,125;6;5;2;2;1;56,66999817;23;1251,629028;1299,251953;4172,14502;1572,769043;3668,610107
76000,03125;8;3;2;1;1;45,75999832;9;62,40877914;114,7082977;4951,75;823,6989746;1660,839966
2232810,25;3;11;4;4;5;438,269989;30;1029,291016;2127,450928;1196,381958;1373,386963;5094,600098
775000,375;5;4;4;4;4;192,1799927;37;1292,415039;1611,457031;697,8903198;936,6035767;4032,679932
325630,25;4;10;3;2;2;104;15;634,2631836;955,255127;2536,9021;1105,57605;3131,060059
266141,9063;3;3;3;2;2;102,5199966;19;400,0187073;1496,608032;568,7421265;3487,143066;2596
185000,0313;6;8;3;2;1;70,01000214;0;1600,057007;190,5670013;214,2433014;6044,540039;2642,47998
328999,6875;4;9;2;2;2;79,08000183;31;692,781311;2718,138916;497,308197;3893,961914;4160,339844
140000,2344;6;2;2;2;2;60,74000168;22;3083,153076;1853,625977;2154,987061;1494,511963;2304,909912
323139,625;5;8;3;2;2;107,0299988;13;2360,737061;1432,093994;548,0374146;4776,851074;3019,149902
64639,81641;2;11;2;1;1;46,66999817;21;1606,07605;1147,053955;1212,891968;4280,875;1385,040039
79799,99219;5;8;1;1;1;34,63000107;18;251,5731964;395,7423096;522,9541016;5873,758789;2304,360107
198790,25;3;3;3;2;2;75,01999664;30;2100,99292;1514,354004;1347,189941;1503,338989;2649,830078
188000,0156;4;11;2;2;2;60,09999847;17;925,5463257;1675,422974;3714,539063;1946,427002;3128,120117
105962,6953;3;12;3;2;1;69,40000153;36;3160,665039;703,9384766;2782,541992;5523,937012;1526,839966
68499,85938;3;1;2;1;1;47,40999985;22;1336,05603;1764,412964;205,6717987;1115,901978;1444,839966
126444,8594;3;12;2;1;1;51,5;36;1072,749023;1021,039001;4391,78418;1009,59198;2455,23999
420000;7;11;3;2;2;112;7;2473,743896;1681,095947;566,8900757;5565,665039;3750
121000,2031;3;8;1;1;1;43,70999908;0;517,8640137;2852,466064;385,9484863;3883,337891;2768,25
558362,5;5;3;4;3;3;180,7799988;29;1634,597046;787,4011841;3923,490967;1722,682007;3088,629883
349144,6563;2;11;4;3;3;140,1000061;30;2144,708008;1840,822021;3032,895996;1473,810059;2492,110107
148000,2813;2;11;3;2;2;80,19999695;30;1797,66394;1045,312012;425,7319031;3226,861084;1845,390015
356999,375;6;6;4;3;3;126,2200012;35;3435,139893;1755,999023;1654,833984;3737,794922;2828,389893
109999,7813;4;8;3;2;1;61,29999924;21;643,8358765;284,4006042;7777,470215;1575,344971;1794,449951
569000,1875;4;11;4;3;3;156,1900024;34;963,8197021;1124,410034;277,9855957;1634,428955;3643
319999,9688;6;3;2;2;2;80,01999664;9;1386,805054;2057,020996;383,4906921;4292,314941;3999
731178,8125;5;3;4;4;4;245,8000031;29;963,9439087;827,3875732;1755,67395;2135,068115;2974,689941
602000,375;8;3;4;3;3;148,5500031;30;1363,76001;861,012085;2971,042969;1726,907959;4052,51001
91915,91406;7;6;2;2;1;51,36000061;13;1933,432983;286,0097961;678,2155762;2729,791016;1789,640015
244259,7969;5;10;3;2;2;85,55000305;29;3028,86792;1919,932007;1949,350952;988,0714722;2855,169922
109011,8125;2;10;1;1;1;45,31999969;21;565,539978;1514,285034;512,828186;1650,921021;2405,379883
526000,625;3;12;4;3;3;138,8000031;30;1099,676025;1538,560059;567,7598267;4377,368164;3789,629883
831299,875;5;10;4;3;4;234,0200043;32;2289,842041;1742,406982;2919,965088;1687,748047;3552,26001
2451999,25;4;7;4;4;5;306,7099915;27;363,8400879;1848,614014;3195,516113;2546,429932;7994,52002
101999,7891;7;7;2;1;1;47,77999878;20;1487,63501;2101,412109;360,9641113;2160,684082;2134,780029
225900,2656;6;7;3;2;1;70,87000275;32;1708,312988;2365,799072;1438,016968;1379,072998;3187,530029
457999,5;6;10;4;3;3;144,8600006;27;2210,64502;447,1115112;1529,005005;4889,319824;3161,669922
74880,0625;7;12;2;1;1;44,79999924;30;4730,960938;542,6552734;4660,397949;4701,352051;1671,430054
174999,9531;4;3;3;2;2;93;30;2957,563965;1040,41394;4370,037109;2064,677979;1881,719971
328905,0938;3;10;3;2;2;100,6500015;30;2855,587891;1581,32605;2703,352051;1834,762939;3267,810059
1049337,25;6;10;4;3;3;204;36;1247,194946;1200,505005;2449,625;3481,499023;5143,810059
304999,6563;5;3;3;3;2;106,4300003;30;2919,407959;1155,378052;1191,743042;5383,14209;2865,72998
175900,125;8;3;3;2;1;64,01000214;30;1191,935059;640,1115112;5765,390137;3085,531982;2748,01001
77399,875;3;4;3;1;1;55,31999969;17;1691,121948;397,796814;4543,61084;6181,10791;1399,130005
1286691,75;5;12;5;5;5;366,3200073;29;2189,730957;1656,267944;3028,73999;1621,430054;3512,47998
59000,05469;4;7;1;1;1;29,53000069;4;706,4307251;409,1774902;631,5977173;6588,440918;1997,969971
59000,07813;7;8;2;1;0;42,56000137;18;2040,702026;1071,875;437,8322144;3321,751953;1386,280029
211299,8906;5;6;3;2;2;81,69999695;29;278,6624146;752,7554932;6886,859863;2905,904053;2586,290039
589006,9375;5;7;4;3;3;167,3899994;26;413,9148865;1944,699951;591,4116211;3259,907959;3518,77002
2716843,75;4;3;5;5;9;625;51;1249,473999;1259,057983;2164,964111;2410,319092;4346,950195
565949,1875;3;10;4;4;4;195,8200073;30;340,577301;565,2354126;1454,994995;2216,89209;2890,149902
155999,8594;2;8;2;2;1;62,02999878;28;1667,342041;2073,185059;1685,968994;1621,791992;2514,909912
425339,6875;7;12;4;3;2;141,3999939;30;581,3115234;310,0521851;2572,050049;688,1425171;3008,060059
132999,9375;4;12;2;2;1;63;11;393,6593018;811,8905029;441,1429138;6356,182129;2111,110107
136800,1875;5;12;3;2;1;63,13000107;24;1283,063965;215,1833038;5909,22998;2648,688965;2166,959961
547000,5;3;11;4;3;4;170;20;2041,296021;1954,812012;1688,666992;1714,607056;3217,649902
1798799,5;4;7;4;4;5;370;36;156,225296;1027,38501;3699,60791;530,2139282;4861,620117
129670,1406;7;4;3;1;1;61;30;414,7822876;1069,765991;1560,608032;2002,526001;2125,73999
412999,4375;6;10;4;2;2;126,2200012;35;603,9885864;1238,936035;1945,777954;2153,804932;3272,060059
71000,16406;6;12;2;1;1;44;15;1323,310059;414,8711853;3115,849121;523,4421997;1613,640015
3320400,5;7;9;4;4;4;310;29;440,3265991;1124,432007;3753,436035;326,0140991;10710,96973
61500,23438;3;2;2;1;1;47,84000015;13;2631,806885;559,3618774;1593,401978;5355,98584;1285,540039
1299100,75;4;11;4;4;4;245,0500031;6;1460,963989;616,710083;4969,084961;1085,848022;5301,370117
379999,5625;3;6;3;3;3;155;13;248,4906006;2358,547119;840,4151001;2814,350098;2451,610107
76321,39844;5;12;2;1;1;45,54000092;13;2695,841064;261,2640076;5210,458008;2935,216064;1675,920044
552000,4375;7;5;3;3;2;140;23;1634,130005;1887,482056;1574,901978;1795,697021;3942,860107
74999,92188;2;12;2;1;1;46,25;13;107,2692032;283,6585083;1991,514038;1838,355957;1621,619995
506999,6875;7;10;3;2;2;120,8099976;38;517,4959717;2821,89502;860,4163208;2578,801025;4196,669922
182000,2813;7;12;2;2;1;66;31;771,980896;769,0875244;654,7211914;1443,891968;2757,580078
166000;6;12;3;2;2;64;24;1375,22998;1214,452026;1319,133057;4427,042969;2593,75
303929,9375;5;3;1;1;1;76,94000244;27;1097,817017;1187,682983;4239,976074;1461,973999;3950,219971
55000,22266;3;2;2;1;1;63,16999817;10;4313,36084;314,5714111;3947,751953;6308,986816;870,6699829
485000,125;4;10;3;3;3;132,2200012;0;1617,869019;645,2681885;488,3862915;3111,205078;3668,129883
203810,0781;3;8;2;2;1;67,62000275;26;376,2745056;2140,959961;1636,511963;2478,608887;3014,050049
308115,2813;7;7;4;2;2;108,0999985;30;1051,015991;797,6807251;2158,041992;1150,875977;2850,280029
490000,1875;2;7;4;3;4;242,6199951;0;1589,472046;13,76185036;5003,714844;429,1687012;2019,619995
64999,82422;7;4;2;1;1;58,84999847;0;1377,045044;615,0117798;10922,66016;2354,00708;1104,5
329999,875;3;10;4;3;3;130,1600037;38;1984,021973;1490,890015;1294,251953;1601,206055;2535,340088
486500,3438;4;6;2;2;2;104,8700027;36;587,0968018;1222,074951;3734,093994;1100,685059;4639,080078
394678,25;6;11;4;2;2;133,1600037;37;860,7376099;790,3983154;3258,013916;1034,839966;2963,939941
160000;3;12;2;2;1;64,5;30;555,0839844;1840,894043;1645,333008;2662,846924;2480,620117
1260000;4;10;4;4;5;240;17;951,6080933;1766,235962;5497,583984;2194,510986;5250
532879,1875;3;7;3;2;2;128,4299927;33;1116,256958;1500,22998;3802,094971;1751,241943;4149,180176
59000,17578;2;8;2;1;1;46,20000076;24;1041,881958;1649,916016;945,8748169;2191,126953;1277,060059
403699,625;5;5;4;3;2;142,8999939;29;868,619873;1089,055054;1316,82605;1845,509033;2825,050049
2910999,75;4;5;3;3;4;331,2200012;31;1098,180054;3181,990967;1007,349976;3177,170898;8788,719727
580000,75;6;6;3;3;3;164;8;201,4107971;518,8450928;1150,732056;1949,792969;3536,590088
123000,0156;5;12;3;2;1;64,83000183;24;983,9758911;45,38895035;7968,62207;1141,962036;1897,27002
249499,7969;5;1;3;2;2;85,33000183;23;2245,656982;535,6500244;513,7946167;3992,36792;2923,939941
752499,875;4;1;3;3;3;166,8000031;31;645,729187;2029,064941;3412,438965;2336,099121;4511,390137
2218918,75;5;5;4;4;5;319,3299866;35;707,0795288;1894,51001;3558,003906;2150,970947;6948,669922
118700,0078;6;6;2;2;1;53,34999847;24;1160,06897;979,8171997;4369,033203;1558,328979;2224,929932
1754925;5;3;4;4;5;272;5;378,0964966;1340,541992;2730,751953;3024,839111;6451,930176
626289,625;7;4;4;3;2;131,1000061;29;967,7608032;3079,449951;689,0919189;3233,071045;4777,189941
461856,625;3;9;4;3;3;177,0399933;36;263,0339966;493,0364075;1551,807983;2148,464111;2608,77002
92500,03125;3;1;1;1;1;33,54999924;24;607,0706787;984,5919189;952,2727051;4452,855957;2757,080078
256200,2656;7;3;3;2;2;79,38999939;30;621,0662231;2737,991943;1573,442017;1951,448975;3227,110107
219999,5938;3;10;3;2;3;90;31;1016,677979;1505,959961;2440,695068;1921,207031;2444,439941
185281,9844;4;4;1;1;1;45,38999939;4;1051,884033;1202,472046;4136,870117;1476,374023;4082
474800;4;11;4;3;4;154,5899963;31;6,548894882;198,1770935;4774,288086;2865,060059;3071,350098
610187,9375;3;6;4;4;4;192,4100037;28;157,5321045;635,5806274;1042,015015;1793,94104;3171,290039
109180,2422;6;5;2;1;1;63,04000092;40;104,8283997;144,0718994;2372,251953;1523,967041;1731,920044
78600,04688;3;5;2;1;1;54,04999924;3;889,4595947;247,201004;585,2835083;7257,537109;1454,209961
189800,3125;6;4;2;2;1;68,22000122;26;2617,962891;1501,56604;544,8604736;4694,417969;2782,179932
320000,375;7;11;2;2;2;75,09999847;0;1431,630005;2342,634033;1411,418945;2156,282959;4260,990234
195000,2656;6;5;3;2;1;80,37999725;37;2257,225098;1555,446045;1011,398987;3575,468994;2425,97998
326100,1563;6;5;4;2;2;123,9100037;44;1736,645996;1390,980957;948,4307251;4556,727051;2631,75
175999,9375;2;5;2;2;2;67,09999847;4;1216,052002;443,9182129;4615,755859;942,5128174;2622,949951
314000,2813;6;8;3;2;3;116,1999969;36;3826,206055;1358,275024;1995,645996;5041,063965;2702,23999
623999,875;2;10;4;3;4;218,1199951;34;1722,430054;741,7941284;4039,287109;1723,47998;2860,810059
3000001,25;6;10;4;4;8;444;20;194,2158051;1199,901978;4996,640137;1167,797974;6756,759766
73000,32031;4;9;3;1;1;64;15;142,3748016;471,4176941;2127,332031;1682,161987;1140,630005
275773,6875;8;3;2;1;1;70,15000153;35;256,9809875;656,6744995;1496,365967;4322,431152;3931,199951
759000,8125;7;1;4;3;3;206;38;3369,13208;2151,427002;2232,897949;864,5697021;3684,469971
88600,21875;3;1;2;2;1;58;24;2278,529053;980,0369873;614,5042114;6045,404785;1527,589966
722200,125;7;9;3;3;2;148,7299957;36;1045,649048;292,8355103;3629,815918;2515,672119;4855,779785
130899,7344;4;11;2;1;1;52,91999817;36;339,3533936;700,9871216;3296,490967;3529,118896;2473,540039
339779,1563;4;6;3;2;2;115,4000015;26;1936,274048;389,8153076;315,9078064;3429,602051;2944,360107
479999,4375;4;9;4;3;3;156,8600006;28;2062,98999;1577,031982;3159,956055;1528,881958;3060,050049
124893,2578;6;5;2;2;1;54,29999924;38;4171,083984;183,6972961;3956,443115;3963,658936;2300,060059
854000,0625;7;3;4;4;4;220,0599976;37;2616,000977;1788,233032;1720,055054;1062,599976;3880,76001
178912,4219;7;6;3;2;1;70,76000214;27;2707,555908;681,5209961;5533,37207;3357,873047;2528,439941
113899,7813;7;6;2;1;1;51,59999847;30;2521,653076;1030,312012;439,530304;1832,416016;2207,360107
115800;8;3;2;1;1;50;27;1653,619995;260,6582947;3426,324951;2804,709961;2316
233519,9844;2;8;3;2;2;89;24;1274,875977;1794,198975;1213,161011;2049,620117;2623,820068
137400,0938;6;11;1;1;1;36,02000046;0;1551,432007;303,5671997;122,5121002;3895,76709;3814,550049
167899,7813;5;3;1;1;1;48,81999969;0;423,1567993;528,7235718;1263,77002;4449,724121;3439,159912
4656298;6;12;4;4;5;493,2200012;15;964,9801025;1380,034058;433,321991;1352,920044;9440,610352
376399,4063;7;10;4;3;2;120,0999985;23;1616,677002;581,2559204;390,0786133;5759,319824;3134,050049
72600,07813;2;6;2;1;1;52,97999954;17;1220,295044;329,5227966;1863,734009;5394,573242;1370,329956
419100,375;7;8;3;2;2;99,66999817;36;128,6186066;1933,890015;108,6856003;3101,99292;4204,879883
1349820;4;7;4;4;5;300;28;1234,667969;2403,314941;1317,550049;1719,562012;4499,399902
67699,85938;2;10;2;1;1;48,00999832;13;2818,490967;798,1732178;2578,2771;2532,746094;1410,119995
219995,9063;2;4;3;2;3;100,0599976;17;534,0509033;424,7354126;2155,331055;2797,062012;2198,639893
50004,32031;3;11;2;1;1;45,18000031;25;722,460022;325,5426941;2533,319092;2578,10498;1106,780029
2261401,5;5;3;5;5;5;308,2600098;33;429,2110901;1573,010986;1300,785034;3970,168945;7336,02002
275999,5938;5;3;3;2;2;91,93000031;36;1955,375;607,5540161;194,9745941;4277,952148;3002,280029
1483998,5;4;6;4;4;5;368,1199951;29;178,1589966;139,7662048;2112,576904;971,305603;4031,290039
791179,1875;7;10;4;3;3;159,8399963;30;1464,269043;519,7562256;434,2219849;3279,793945;4949,819824
400300,4063;3;9;4;3;2;138,7100067;36;378,7553101;170,452301;4771,952148;441,300415;2885,879883
888398,875;6;6;4;4;4;240,1000061;31;1659,44397;740,4882202;3986,260986;1746,676025;3700,120117
287300,2813;7;9;3;2;2;87,80999756;30;1655,85498;1398,03894;478,6430969;3010,737061;3271,840088
109418,1172;6;9;1;1;1;34;15;350,0079956;2506,979004;1090,717041;2298,825928;3218,179932
140280,25;5;5;2;2;1;62,86000061;29;2921,949951;720,2053833;2728,50708;2511,512939;2231,629883
492000,4688;2;10;4;3;3;167,0800018;34;1832,254028;754,4625854;4134,187012;1692,124023;2944,699951
88710,11719;8;2;2;1;1;47,54000092;13;3934,315918;88,23805237;3381,913086;7002,428223;1866,01001
241399,9375;3;11;2;2;2;64,58999634;29;746,1726074;2852,073975;948,496521;3604,580078;3737,419922
170000,25;2;12;3;2;2;75;14;552,7728882;2492,447998;607,0075073;2880,552002;2266,669922
178999,5781;2;12;3;2;2;87,40000153;21;372,0954895;1156,678955;1968,227051;887,2410889;2048,050049
208000;5;3;3;2;2;80;0;844,0977173;1313,218018;2375,983887;1690,902954;2600
120450,0469;3;3;2;1;1;48,16999817;27;887,3806763;709,4500122;499,6758118;6251,972168;2500,52002
212100;2;10;3;2;2;101;14;1423,88501;1169,177979;3163,881104;1290,01001;2100
85200,19531;3;3;1;1;1;41,24000168;15;788,8499146;440,040802;297,3570862;5971,616211;2065,959961
583000,3125;5;11;4;3;2;143,25;35;1360,858032;1810,730957;3030,237061;2982,10791;4069,810059
264000,5;2;4;4;2;2;114,0800018;30;1454,953003;1023,067993;3941,403076;1405,843018;2314,169922
1637998,625;6;4;4;4;5;310,1900024;37;1217,345947;1984,88501;521,6870728;4440,643066;5280,629883
206899,7813;5;9;3;2;2;73,51000214;39;998,986084;1639,626953;2334,795898;2015,613037;2814,580078
264999,8125;4;9;2;2;2;66,76000214;9;826,4904785;1439,581055;3537,654053;1330,536987;3969,439941
59500,04297;2;11;2;1;1;47,84000015;15;2205,400879;538,3607178;3469,955078;6283,583008;1243,72998
2075798,875;2;6;4;4;6;385,8900146;29;1107,610962;1095,415039;1159,418945;1488,206055;5379,25
2421429,5;6;12;4;4;4;334,8099976;12;850,5361938;1395,854004;444,4031982;1486,197998;7232,25
766100,4375;7;12;4;3;3;168,3999939;33;339,7536011;1432,301025;803,6486206;3348,51709;4549,290039
391399,9375;7;12;4;2;3;115,8899994;31;2326,062988;946,1456299;934,940918;4997,186035;3377,340088
316000,25;3;9;3;2;2;110,6800003;27;2324,201904;1092,311035;336,5079956;5359,867188;2855,080078
895298,875;3;6;4;3;4;180,0200043;29;117,9805984;1952,109985;954,3862915;2075,295898;4973,330078
575000,75;7;10;4;3;2;154,1900024;35;2083,320068;389,178894;4588,352051;1579,722046;3729,169922
63500,10938;3;7;1;1;1;35,09999847;7;290,1978149;762,1536865;2034,142944;2386,353027;1809,119995
986309,3125;5;10;4;3;4;234,5;32;2171,946045;843,4968262;4477,587891;1722,581055;4206,009766
